"country","continent","country_iso","lec1","lec2","lec3","lec4","lec5","lec6","lec7","lec8","lec9","lec10"
"Afghanistan","Asia","AF",191,167,120,118,63,78,59,61,126,31
"Albania","Europe","AL",222,236,140,82,93,65,82,25,87,28
"Algeria","Africa","DZ",102,111,62,32,22,29,22,14,18,5
"Andorra","Europe","AD",23,38,27,19,18,20,32,22,79,10
"Angola","Africa","AO",131,146,93,50,19,26,18,13,18,5
"Anguilla","North America","AI",29,39,46,13,0,0,0,0,0,0
"Antigua and Barbuda","North America","AG",159,173,134,19,7,0,0,0,0,0
"Argentina","South America","AR",1132,1132,789,677,478,482,305,194,362,118
"Armenia","Asia","AM",354,265,120,101,100,130,73,63,152,25
"Aruba","North America","AW",35,18,3,0,3,0,0,0,0,0
"Australia","Oceania","AU",4306,4459,2656,2437,1624,1813,1481,1099,2111,535
"Austria","Europe","AT",716,783,442,412,251,288,189,161,299,92
"Azerbaijan","Asia","AZ",525,477,278,209,141,147,89,70,146,40
"Bahamas","North America","BS",112,109,67,39,54,39,21,18,122,15
"Bahrain","Asia","BH",40,27,8,9,7,9,8,7,18,5
"Bangladesh","Asia","BD",522,481,297,262,180,185,111,97,192,38
"Barbados","North America","BB",152,135,111,97,50,45,51,40,60,10
"Belarus","Europe","BY",466,417,204,192,152,142,87,64,121,30
"Belgium","Europe","BE",1129,1162,755,667,471,423,351,296,556,117
"Belize","North America","BZ",69,34,25,9,10,10,9,8,19,5
"Benin","Africa","BJ",37,54,48,54,29,30,10,7,19,6
"Bermuda","North America","BM",58,49,43,28,17,18,22,16,19,5
"Bolivia","South America","BO",286,291,137,93,84,94,62,35,115,35
"Bosnia and Herzegovina","Europe","BA",190,213,146,142,108,111,97,84,110,38
"Botswana","Africa","BW",85,79,45,19,15,10,13,6,22,5
"Brazil","South America","BR",19659,13851,8505,6176,4217,4288,3201,2572,5201,1316
"Brunei","Asia","BN",117,107,51,9,7,9,8,10,18,5
"Bulgaria","Europe","BG",1219,1368,732,670,517,538,451,378,772,194
"Burkina Faso","Africa","BF",32,28,11,12,8,9,8,8,19,6
"Cambodia","Asia","KH",290,251,167,160,86,104,85,68,133,35
"Cameroon","Africa","CM",165,157,78,32,40,33,17,17,36,12
"Canada","North America","CA",8156,7799,4855,4119,2826,3166,2396,1890,3814,913
"Cape Verde","Africa","CV",26,22,18,19,14,20,19,12,18,5
"Cayman Islands","North America","KY",15,10,0,0,0,0,0,0,0,0
"Chile","South America","CL",610,547,385,298,211,226,187,150,365,74
"China","Asia","CN",23573,16815,9656,7764,5163,4739,4212,3189,5461,1543
"Colombia","South America","CO",2351,2171,1372,1030,752,647,584,457,875,226
"Congo","Africa","CD",36,118,55,59,5,0,2,0,0,0
"Costa Rica","North America","CR",282,190,96,64,14,14,14,7,19,5
"Croatia","Europe","HR",719,652,532,478,373,359,377,305,558,228
"Curaçao","North America","CW",23,10,8,9,7,9,10,6,18,5
"Cyprus","Europe","CY",218,209,88,78,59,61,42,36,102,23
"Czech Republic","Europe","CZ",918,1050,600,596,320,354,322,270,614,165
"Denmark","Europe","DK",680,654,416,320,189,187,133,96,212,44
"Djibouti","Africa","DJ",28,11,4,0,0,0,0,0,0,0
"Dominica","North America","DM",50,28,19,0,0,0,0,0,0,0
"Dominican Republic","North America","DO",717,636,457,266,253,241,126,86,203,46
"Ecuador","South America","EC",362,293,156,143,94,112,45,33,69,22
"Egypt","Africa","EG",819,698,406,334,242,238,155,118,271,76
"El Salvador","North America","SV",231,181,119,113,82,96,71,64,127,38
"Equatorial Guinea","Africa","GQ",31,17,0,0,0,0,0,0,0,0
"Estonia","Europe","EE",352,336,200,160,91,80,76,54,138,41
"Ethiopia","Africa","ET",390,288,150,119,77,62,62,48,57,9
"Fiji","Oceania","FJ",30,43,18,21,10,9,1,0,0,0
"Finland","Europe","FI",700,615,400,372,268,338,286,187,330,87
"France","Europe","FR",6160,5926,3737,3269,2551,2882,1889,1495,3214,815
"French Guiana","South America","GF",12,25,2,0,1,0,0,0,0,0
"Gambia","Africa","GM",54,35,13,11,17,12,1,0,0,0
"Georgia","Asia","GE",365,367,203,165,61,83,68,48,114,34
"Germany","Europe","DE",5414,5091,3070,2705,2081,2092,1690,1280,2780,704
"Ghana","Africa","GH",1323,1262,736,639,454,445,319,238,564,151
"Gibraltar","Europe","GI",9,0,0,0,0,0,0,0,0,0
"Greece","Europe","GR",2352,2271,1353,1135,904,936,757,563,1294,329
"Greenland","North America","GL",6,0,0,0,0,0,0,0,0,0
"Grenada","North America","GD",25,21,20,10,7,9,8,7,18,5
"Guadeloupe","North America","GP",64,54,34,30,4,0,0,0,1,0
"Guam","Oceania","GU",27,1,2,0,0,0,0,0,0,0
"Guatemala","North America","GT",498,363,223,161,112,106,67,52,85,29
"Guinea","Africa","GN",1,0,0,0,0,0,0,0,0,0
"Guyana","South America","GY",18,13,1,0,1,0,0,0,0,0
"Haiti","North America","HT",424,243,109,76,37,42,42,24,38,16
"Hashemite Kingdom of Jordan","Asia","JO",81,63,35,16,22,25,21,13,65,7
"Honduras","North America","HN",94,52,35,36,32,37,35,31,69,15
"Hong Kong","Asia","HK",3190,3033,1803,1586,1016,971,871,582,1106,259
"Hungary","Europe","HU",1131,1212,853,768,454,468,328,319,539,164
"Iceland","Europe","IS",91,131,62,59,40,56,45,28,75,22
"India","Asia","IN",30075,27385,15868,14628,10222,11203,8089,6377,12127,3067
"Indonesia","Asia","ID",964,777,484,449,307,387,277,252,456,106
"Iran","Asia","IR",1004,990,595,475,436,412,446,305,752,175
"Iraq","Asia","IQ",75,43,93,35,31,42,31,36,37,10
"Ireland","Europe","IE",1102,1264,736,611,560,596,487,422,652,191
"Isle of Man","Europe","IM",22,19,1,1,0,0,0,0,0,0
"Israel","Asia","IL",1307,1319,850,608,400,396,287,237,598,140
"Italy","Europe","IT",2910,2461,1724,1376,1043,1084,836,675,1416,360
"Ivory Coast","Africa","CI",162,107,54,56,57,52,36,32,77,21
"Jamaica","North America","JM",564,411,204,146,70,82,60,48,58,10
"Japan","Asia","JP",2570,2384,1341,1096,740,709,584,453,933,231
"Jersey","Europe","JE",8,1,0,0,0,0,0,0,0,0
"Kazakhstan","Asia","KZ",473,338,179,168,118,126,82,59,102,17
"Kenya","Africa","KE",617,541,350,310,216,235,166,129,245,69
"Kosovo","Europe","XK",29,34,38,27,30,21,35,0,0,0
"Kuwait","Asia","KW",160,121,92,71,49,55,30,19,70,7
"Kyrgyzstan","Asia","KG",183,178,122,94,86,50,23,17,18,5
"Laos","Asia","LA",30,18,8,16,13,10,8,7,3,0
"Latvia","Europe","LV",494,439,210,146,102,173,114,101,147,36
"Lebanon","Asia","LB",316,269,176,177,107,92,55,38,82,23
"Liberia","Africa","LR",92,50,4,0,0,0,0,0,0,0
"Libya","Africa","LY",42,46,22,18,14,18,8,7,25,6
"Lithuania","Europe","LT",736,721,375,328,231,228,203,187,326,69
"Luxembourg","Europe","LU",481,428,280,233,185,185,150,130,303,53
"Macao","Asia","MO",102,91,39,36,27,33,29,28,51,5
"Macedonia","Europe","MK",219,158,80,58,43,53,29,22,42,10
"Madagascar","Africa","MG",13,1,0,0,0,0,0,0,0,0
"Malawi","Africa","MW",39,24,20,27,12,20,21,7,28,0
"Malaysia","Asia","MY",2311,2406,1402,1280,804,937,711,526,1095,267
"Maldives","Asia","MV",25,12,0,0,0,0,0,0,0,0
"Mali","Africa","ML",8,10,9,9,7,10,8,17,18,5
"Malta","Europe","MT",52,57,25,18,11,11,11,8,20,7
"Martinique","North America","MQ",10,11,1,0,0,0,0,0,1,0
"Mauritania","Africa","MR",20,16,8,9,0,0,0,0,0,0
"Mauritius","Africa","MU",144,155,79,58,8,14,10,26,27,5
"Mexico","North America","MX",4107,3351,1942,1543,995,1063,773,627,1181,266
"Monaco","Europe","MC",30,48,28,19,12,10,18,9,6,0
"Mongolia","Asia","MN",243,170,103,136,100,52,38,15,2,0
"Montenegro","Europe","ME",103,99,59,69,32,32,17,14,21,4
"Morocco","Africa","MA",853,782,488,446,255,333,224,152,269,74
"Mozambique","Africa","MZ",168,184,161,172,59,95,68,39,87,20
"Myanmar [Burma]","Asia","MM",217,117,83,50,40,42,21,18,59,23
"Namibia","Africa","NA",56,56,7,12,4,3,2,1,0,0
"Nepal","Asia","NP",276,258,148,162,139,272,161,130,309,68
"Netherlands","Europe","NL",2665,2648,1533,1379,921,1136,796,564,1131,288
"New Caledonia","Oceania","NC",17,0,0,0,0,0,0,0,0,0
"New Zealand","Oceania","NZ",548,539,290,250,198,187,169,129,242,66
"Nicaragua","North America","NI",154,132,76,68,49,47,55,47,116,23
"Niger","Africa","NE",1,0,0,0,1,0,1,0,0,0
"Nigeria","Africa","NG",1676,1423,872,700,431,491,382,321,498,144
"Northern Mariana Islands","Oceania","MP",6,0,0,0,0,0,0,0,0,0
"Norway","Europe","NO",634,678,450,334,226,258,206,161,368,94
"Oman","Asia","OM",82,77,73,78,42,50,53,44,55,9
"Pakistan","Asia","PK",1829,1474,939,893,581,612,484,328,568,135
"Palestine","Asia","PS",32,31,10,12,7,9,8,7,20,5
"Panama","North America","PA",165,103,92,66,30,51,23,20,21,5
"Papua New Guinea","Oceania","PG",18,20,12,19,12,12,1,0,0,0
"Paraguay","South America","PY",110,123,81,75,41,51,54,75,144,28
"Peru","South America","PE",938,609,403,323,227,206,158,148,304,86
"Philippines","Asia","PH",3064,2368,1389,1239,763,783,605,512,1020,298
"Poland","Europe","PL",2601,2698,1603,1367,851,889,589,455,1029,234
"Portugal","Europe","PT",2008,1949,1249,1122,747,793,589,526,1011,245
"Puerto Rico","North America","PR",284,144,101,101,79,107,68,52,123,41
"Qatar","Asia","QA",264,246,106,105,76,99,84,64,139,30
"Republic of Korea","Asia","KR",976,789,524,451,271,285,231,147,321,79
"Republic of Moldova","Europe","MD",181,195,97,73,74,67,53,30,81,17
"Republic of the Congo","Africa","CG",9,14,11,12,8,10,15,9,22,13
"Réunion","Africa","RE",38,28,9,9,7,9,8,7,9,5
"Romania","Europe","RO",1598,1452,900,636,517,444,341,256,502,142
"Russia","Europe","RU",6760,6440,3613,3173,2118,2257,1721,1391,2720,683
"Rwanda","Africa","RW",128,65,46,61,39,36,18,16,20,5
"Saint Kitts and Nevis","North America","KN",9,0,0,0,0,0,0,0,0,0
"Saint Lucia","North America","LC",64,79,54,27,7,0,0,0,0,0
"Saint Vincent and the Grenadines","North America","VC",17,19,2,0,0,0,0,0,0,0
"Saudi Arabia","Asia","SA",978,925,488,377,265,258,189,133,185,42
"Senegal","Africa","SN",102,98,74,75,59,53,30,20,18,5
"Serbia","Europe","RS",742,862,586,426,350,320,290,175,396,93
"Sierra Leone","Africa","SL",33,36,26,15,1,0,0,0,0,0
"Singapore","Asia","SG",5392,5287,3354,3272,2179,2314,1634,1395,2408,617
"Slovakia","Europe","SK",435,432,152,136,91,125,82,64,160,35
"Slovenia","Europe","SI",287,277,181,192,96,130,89,59,155,32
"Somalia","Africa","SO",34,0,0,0,0,0,0,0,0,0
"South Africa","Africa","ZA",1528,1229,753,671,422,472,368,272,620,163
"South Sudan","Africa","SS",30,23,1,0,0,0,0,0,0,0
"Spain","Europe","ES",5889,5605,3365,3051,2195,2272,1856,1475,2905,714
"Sri Lanka","Asia","LK",361,300,227,141,120,135,101,92,103,23
"Sudan","Africa","SD",54,32,8,10,0,0,0,0,18,5
"Suriname","South America","SR",2,0,0,0,0,0,0,0,0,0
"Swaziland","Africa","SZ",26,55,67,35,27,10,19,20,28,1
"Sweden","Europe","SE",1282,1308,822,767,507,573,442,332,828,204
"Switzerland","Europe","CH",1941,2037,1212,1063,781,845,587,520,1064,246
"Syria","Asia","SY",48,48,25,29,35,43,21,16,40,12
"Taiwan","Asia","TW",2025,1848,1147,1109,764,890,716,624,1161,307
"Tajikistan","Asia","TJ",16,20,24,25,15,3,0,0,1,0
"Tanzania","Africa","TZ",198,208,131,114,86,73,67,46,80,10
"Thailand","Asia","TH",1924,1746,1146,1104,646,733,675,559,1111,289
"Togo","Africa","TG",9,0,0,0,0,0,0,0,0,0
"Trinidad and Tobago","North America","TT",379,334,212,112,80,91,40,39,55,10
"Tunisia","Africa","TN",408,379,140,124,73,78,66,46,88,21
"Turkey","Asia","TR",1651,1485,873,732,433,459,407,313,634,165
"Turks and Caicos Islands","North America","TC",13,10,0,0,0,0,0,0,0,0
"U.S. Virgin Islands","North America","VI",36,37,35,10,8,9,11,8,18,5
"Uganda","Africa","UG",248,234,204,246,136,166,118,123,238,73
"Ukraine","Europe","UA",5841,4425,2669,2053,1470,1440,1065,799,1793,419
"United Arab Emirates","Asia","AE",1434,1264,818,758,578,642,468,377,768,201
"United Kingdom","Europe","GB",11194,10665,6277,5420,4132,4228,3261,2660,4993,1320
"United States","North America","US",68791,61751,36286,29585,20862,22012,16837,12823,24460,5996
"Uruguay","South America","UY",220,215,160,154,120,100,73,56,130,31
"Uzbekistan","Asia","UZ",113,86,41,29,20,32,9,16,41,12
"Vatican City","Europe","VA",8,10,8,9,7,10,9,7,19,5
"Venezuela","South America","VE",701,620,373,270,232,209,174,145,282,64
"Vietnam","Asia","VN",2044,1828,1177,919,615,614,517,424,773,175
"Yemen","Asia","YE",29,32,9,11,11,4,0,0,0,0
"Zambia","Africa","ZM",138,173,75,91,41,51,29,48,62,10
"Zimbabwe","Africa","ZW",117,103,60,58,26,39,37,23,48,5
